Dataset_ID,Day,Target,SIR_Base,Residual,Susceptible,Infected,Recovered,Reported_Cases,Beta_Effective,Season_Index,Target_lag1,Target_lag2,Target_lag3,Target_lag4,Target_lag5,Target_lag6,Target_lag7,Hybrid_Pred,Hybrid_Residual_Pred
India_20250721_015302,1170,11109.0,0.0032841314072969163,11108.996715868592,1335202731,67864,44198341,11109,0.3201691016060914,1.05,10158.0,7830.0,5676.0,5880.0,5357.0,6155.0,6050.0,901.6688493596399,901.6655652282326
India_20250721_015302,1171,10753.0,0.003186252634807417,10752.996813747364,1335191978,74166,44202765,10753,0.3184963613162183,1.05,11109.0,10158.0,7830.0,5676.0,5880.0,5357.0,6155.0,901.997362158829,901.9941759061942
India_20250721_015302,1172,10093.0,0.0030912909971371506,10092.996908709003,1335181885,78912,44208089,10093,0.3205703652059082,1.05,10753.0,11109.0,10158.0,7830.0,5676.0,5880.0,5357.0,902.2944914486425,902.2914001576453
India_20250721_015302,1173,9111.0,0.0029991595533152247,9110.997000840447,1335172774,81960,44214125,9111,0.3150599216799387,1.05,10093.0,10753.0,11109.0,10158.0,7830.0,5676.0,5880.0,902.4397376619816,902.4367385024283
India_20250721_015302,1174,7633.0,0.002909773953520218,7632.997090226047,1335165141,83448,44220259,7633,0.3066124348403546,1.05,9111.0,10093.0,10753.0,11109.0,10158.0,7830.0,5676.0,902.3530108071972,902.3501010332436
India_20250721_015302,1175,10542.0,0.002823052361854731,10541.997176947638,1335154599,88611,44225600,10542,0.2970115978628699,1.05,7633.0,9111.0,10093.0,10753.0,11109.0,10158.0,7830.0,902.5593864725947,902.5565634202329
India_20250721_015302,1176,12591.0,0.0027389153814215317,12590.997261084618,1335142008,95301,44231461,12591,0.2826921295055378,1.05,10542.0,7633.0,9111.0,10093.0,10753.0,11109.0,10158.0,902.6838985537618,902.6811596383803
India_20250721_015302,1177,11692.0,0.002657285981632694,11691.997342714018,1335130316,101318,44237108,11692,0.2640727717647183,1.05,12591.0,10542.0,7633.0,9111.0,10093.0,10753.0,11109.0,902.4582040907165,902.4555468047349
India_20250721_015302,1178,12193.0,0.002578089427685188,12192.997421910572,1335118123,105666,44244911,12193,0.2528221695470651,1.05,11692.0,12591.0,10542.0,7633.0,9111.0,10093.0,10753.0,902.2949224846267,902.292344395199
India_20250721_015302,1179,10112.0,0.00250125321213834,10111.997498746789,1335108011,105614,44255046,10112,0.2408967982733251,1.05,12193.0,11692.0,12591.0,10542.0,7633.0,9111.0,10093.0,901.9294224764591,901.926921223247
India_20250721_015302,1180,6904.0,0.002426706988530531,6903.997573293012,1335101107,101420,44266128,6904,0.2261067530646914,1.05,10112.0,12193.0,11692.0,12591.0,10542.0,7633.0,9111.0,901.236434596162,901.2340078891734
India_20250721_015302,1181,6934.0,0.002354382506974356,6933.997645617493,1335094173,97588,44276870,6934,0.2187955547587256,1.05,6904.0,10112.0,12193.0,11692.0,12591.0,10542.0,7633.0,900.76940437484,900.767049992333
India_20250721_015302,1182,9629.0,0.0022842135516712683,9628.997715786449,1335084544,97133,44286925,9629,0.2106287942528855,1.05,6934.0,6904.0,10112.0,12193.0,11692.0,12591.0,10542.0,900.7054556020404,900.7031713884887
India_20250721_015302,1183,9355.0,0.0022161358802885167,9354.997783864119,1335075189,97391,44295996,9355,0.1971104440308037,1.05,9629.0,6934.0,6904.0,10112.0,12193.0,11692.0,12591.0,900.2696156209913,900.267399485111
India_20250721_015302,1184,7533.0,0.0021500871651428622,7532.997849912835,1335067656,97275,44303601,7533,0.1837229631336142,1.05,9355.0,9629.0,6934.0,6904.0,10112.0,12193.0,11692.0,899.4804699764121,899.478319889247
India_20250721_015302,1185,7171.0,0.002086006936137226,7170.997913993064,1335060485,93906,44314101,7171,0.1699548547810933,1.05,7533.0,9355.0,9629.0,6934.0,6904.0,10112.0,12193.0,898.694178142313,898.6920921353769
India_20250721_015302,1186,5874.0,0.0020238365253980304,5873.997976163475,1335054611,87193,44326663,5874,0.1601670535760453,1.05,7171.0,7533.0,9355.0,9629.0,6934.0,6904.0,10112.0,897.7702940094526,897.7682701729273
India_20250721_015302,1187,4282.0,0.0019635190135625464,4281.998036480986,1335050329,79785,44338339,4282,0.15536551158615,1.05,5874.0,7171.0,7533.0,9355.0,9629.0,6934.0,6904.0,896.9601707162689,896.9582071972553
India_20250721_015302,1188,3325.0,0.0019049991776670613,3324.9980950008226,1335047004,70924,44350508,3325,0.1474824402830065,1.05,4282.0,5874.0,7171.0,7533.0,9355.0,9629.0,6934.0,896.3036880866501,896.3017830874725
India_20250721_015302,1189,3720.0,0.0018482234405881707,3719.9981517765596,1335043284,64541,44360591,3720,0.1338332745484619,1.05,3325.0,4282.0,5874.0,7171.0,7533.0,9355.0,9629.0,895.6348702350158,895.6330220115752
India_20250721_015302,1190,3962.0,0.0017931398219908962,3961.998206860178,1335039322,61603,44367469,3962,0.123519882711154,1.05,3720.0,3325.0,4282.0,5874.0,7171.0,7533.0,9355.0,894.8333249679529,894.8315318281309
India_20250721_015302,1191,3611.0,0.0017396978907387238,3610.9982603021094,1335035711,58288,44374359,3611,0.117988628633077,1.05,3962.0,3720.0,3325.0,4282.0,5874.0,7171.0,7533.0,894.0966378808066,894.0948981829159
India_20250721_015302,1192,2961.0,0.0016878487187219908,2960.9983121512814,1335032750,51643,44383948,2961,0.1112202099123216,1.05,3611.0,3962.0,3720.0,3325.0,4282.0,5874.0,7171.0,893.4357985814411,893.4341107327224
India_20250721_015302,1193,2380.0,0.001637544836062354,2379.9983624551637,1335030370,44672,44393278,2380,0.106357475658005,1.05,2961.0,3611.0,3962.0,3720.0,3325.0,4282.0,5874.0,892.7887691985599,892.7871316537238
India_20250721_015302,1194,1839.0,0.0015887401876523203,1838.9984112598124,1335028531,38980,44400797,1839,0.1040119487601809,1.05,2380.0,2961.0,3611.0,3962.0,3720.0,3325.0,4282.0,892.2673621931524,892.2657734529647
India_20250721_015302,1195,1331.0,0.0015413900909900535,1330.998458609909,1335027200,33142,44407951,1331,0.1017886076067096,1.05,1839.0,2380.0,2961.0,3611.0,3962.0,3720.0,3325.0,891.8567282704038,891.8551868803128
India_20250721_015302,1196,2109.0,0.001495451195270857,2108.9985045488047,1335025091,29382,44413805,2109,0.1050921330262271,1.05,1331.0,1839.0,2380.0,2961.0,3611.0,3962.0,3720.0,891.6813104612029,891.6798150100076
India_20250721_015302,1197,1690.0,0.0014508814416978714,1689.9985491185582,1335023401,26798,44418065,1690,0.1039496739218118,1.05,2109.0,1331.0,1839.0,2380.0,2961.0,3611.0,3962.0,891.4023735038463,891.4009226224047
India_20250721_015302,1198,1580.0,0.0014076400249756562,1579.998592359975,1335021821,25072,44421354,1580,0.1040509896222259,1.05,1690.0,2109.0,1331.0,1839.0,2380.0,2961.0,3611.0,891.1155470266356,891.1141393866106
India_20250721_015302,1199,1223.0,0.0013656873559513992,1222.998634312644,1335020598,22578,44425057,1223,0.1034545691519148,1.05,1580.0,1690.0,2109.0,1331.0,1839.0,2380.0,2961.0,890.8194533860793,890.8180876987234
India_20250721_015302,1200,1272.0,0.0013249850253695503,1271.9986750149747,1335019326,19906,44428998,1272,0.1064826430193755,1.05,1223.0,1580.0,1690.0,2109.0,1331.0,1839.0,2380.0,890.6180156403827,890.6166906553574
India_20250721_015302,1201,801.0,0.0012854957687066955,800.9987145042313,1335018525,17100,44432597,801,0.1062087847129196,1.05,1272.0,1223.0,1580.0,1690.0,2109.0,1331.0,1839.0,890.3977800304004,890.3964945346318
India_20250721_015302,1202,656.0,0.0012471834320544764,655.998752816568,1335017869,14798,44435543,656,0.1074542711884346,1.05,801.0,1272.0,1223.0,1580.0,1690.0,2109.0,1331.0,890.2310717504281,890.2298245669961
India_20250721_015302,1203,1021.0,0.0012100129390193214,1020.998789987061,1335016848,13450,44437908,1021,0.1090375917288625,1.05,656.0,801.0,1272.0,1223.0,1580.0,1690.0,2109.0,890.1492070862271,890.147997073288
India_20250721_015302,1204,906.0,0.0011739502586086794,905.9988260497414,1335015942,12511,44439733,906,0.1119445605604487,1.05,1021.0,656.0,801.0,1272.0,1223.0,1580.0,1690.0,890.0113117013798,890.0101377511212
India_20250721_015302,1205,865.0,0.0011389623740743603,864.9988610376259,1335015077,12058,44441047,865,0.1149510973888628,1.05,906.0,1021.0,656.0,801.0,1272.0,1223.0,1580.0,889.9105472129842,889.9094082506101
India_20250721_015302,1206,782.0,0.0011050172526844532,781.9988949827473,1335014295,10739,44443142,782,0.1196984035282926,1.05,865.0,906.0,1021.0,656.0,801.0,1272.0,1223.0,889.8230618823583,889.8219568651056
India_20250721_015302,1207,756.0,0.001072083816396149,755.9989279161836,1335013539,9800,44444829,756,0.123850868106001,1.05,782.0,865.0,906.0,1021.0,656.0,801.0,1272.0,889.761972757083,889.7609006732665
India_20250721_015302,1208,473.0,0.0010401319134026173,472.9989598680866,1335013066,8694,44446401,473,0.126221389212571,1.05,756.0,782.0,865.0,906.0,1021.0,656.0,801.0,889.6569862147717,889.6559460828582
India_20250721_015302,1209,405.0,0.0010091322905278865,404.9989908677095,1335012661,7884,44447612,405,0.1286495259369857,1.05,473.0,756.0,782.0,865.0,906.0,1021.0,656.0,889.5880692106407,889.5870600783502
India_20250721_015302,1210,552.0,0.0009790565664444552,551.9990209434336,1335012109,7162,44448880,552,0.1289506804625874,1.05,405.0,473.0,756.0,782.0,865.0,906.0,1021.0,889.5225401976834,889.521561141117
India_20250721_015302,1211,535.0,0.000949877205689114,534.9990501227943,1335011574,6911,44449661,535,0.131118331085338,1.05,552.0,405.0,473.0,756.0,782.0,865.0,906.0,889.4520193576095,889.4510694804038
India_20250721_015302,1212,490.0,0.0009215674934531867,489.99907843250656,1335011084,6747,44450313,490,0.1316388812119664,1.05,535.0,552.0,405.0,473.0,756.0,782.0,865.0,889.3712441089185,889.370322541425
India_20250721_015302,1213,425.0,0.0008941015111241133,424.9991058984889,1335010659,6154,44451328,425,0.1310889364865171,1.05,490.0,535.0,552.0,405.0,473.0,756.0,782.0,889.275127731064,889.2742336295529
India_20250721_015302,1214,403.0,0.0008674541125559803,402.99913254588745,1335010256,5654,44452226,403,0.1296383424013496,1.05,425.0,490.0,535.0,552.0,405.0,473.0,756.0,889.1766280419793,889.1757605878666
India_20250721_015302,1215,310.0,0.0008416009010472717,309.999158399099,1335009946,5104,44453084,310,0.1315767520370832,1.0285714285714287,403.0,425.0,490.0,535.0,552.0,405.0,473.0,904.5512025627478,904.5503609618468
India_20250721_015302,1216,224.0,0.0008165182070047678,223.99918348179298,1335009722,4549,44453862,224,0.1307803319195123,1.0071428571428571,310.0,403.0,425.0,490.0,535.0,552.0,405.0,917.453851339715,917.453034821508
India_20250721_015302,1217,310.0,0.0007921830662731362,309.99920781693373,1335009412,4106,44454612,310,0.1302285659811965,0.9857142857142858,224.0,310.0,403.0,425.0,490.0,535.0,552.0,927.4967907272409,927.4959985441745
India_20250721_015302,1218,288.0,0.0007685731991103797,287.99923142680086,1335009124,3924,44455080,288,0.128882275259652,0.9642857142857144,310.0,224.0,310.0,403.0,425.0,490.0,535.0,934.568802421092,934.5680338478928
India_20250721_015302,1219,267.0,0.0007456669897898896,266.9992543330102,1335008857,3786,44455483,267,0.1280380317725278,0.9428571428571428,288.0,310.0,224.0,310.0,403.0,425.0,490.0,938.8480048655441,938.8472591985543
India_20250721_015302,1220,237.0,0.0007234434668104301,236.9992765565332,1335008620,3470,44456032,237,0.1279223149290465,0.9214285714285716,267.0,288.0,310.0,224.0,310.0,403.0,425.0,940.4720872595436,940.4713638160769
India_20250721_015302,1221,202.0,0.000701882283695937,201.9992981177163,1335008418,3140,44456562,202,0.1257744296508297,0.9,237.0,267.0,288.0,310.0,224.0,310.0,403.0,939.4836179235263,939.4829160412426
India_20250721_015302,1222,174.0,0.000680963700367548,173.99931903629962,1335008244,2824,44457050,174,0.1259473968837195,0.9,202.0,237.0,267.0,288.0,310.0,224.0,310.0,939.2329093808147,939.2322284171144
India_20250721_015302,1223,124.0,0.000660668565070814,123.99933933143492,1335008120,2522,44457474,124,0.1259539703562702,0.9,174.0,202.0,237.0,267.0,288.0,310.0,224.0,938.9832928300435,938.9826321614785
India_20250721_015302,1224,214.0,0.0006409782968415442,213.99935902170316,1335007906,2336,44457874,214,0.1308881314091487,0.9,124.0,174.0,202.0,237.0,267.0,288.0,310.0,938.9552844997851,938.9546435214883
India_20250721_015302,1225,199.0,0.0006218748684942301,198.9993781251315,1335007707,2225,44458182,199,0.1353322156220197,0.9,214.0,124.0,174.0,202.0,237.0,267.0,288.0,938.8840261770291,938.8834043021607
India_20250721_015302,1226,169.0,0.0006033407901174754,168.99939665920988,1335007538,2170,44458404,169,0.1376690656145094,0.9,199.0,214.0,124.0,174.0,202.0,237.0,267.0,938.731192815553,938.7305894747628
India_20250721_015302,1227,186.0,0.0005853590930613206,185.99941464090693,1335007352,2050,44458710,186,0.1444960172943117,0.9,169.0,199.0,214.0,124.0,174.0,202.0,237.0,938.7282319405043,938.7276465814112
India_20250721_015302,1228,140.0,0.0005679133144018021,139.9994320866856,1335007212,1901,44458996,140,0.1474729264844911,0.9,186.0,169.0,199.0,214.0,124.0,174.0,202.0,938.5873515586852,938.5867836453708
India_20250721_015302,1229,92.0,0.0005509874818685225,91.99944901251813,1335007120,1728,44459261,92,0.1454000930936166,0.9,140.0,186.0,169.0,199.0,214.0,124.0,174.0,938.2875105967489,938.286959609267
India_20250721_015302,1230,80.0,0.0005345660992214331,79.99946543390078,1335007040,1572,44459496,80,0.1461050736154636,0.9,92.0,140.0,186.0,169.0,199.0,214.0,124.0,938.0771668600863,938.0766322939871
India_20250721_015302,1231,120.0,0.0005186341320634402,119.99948136586794,1335006920,1490,44459698,120,0.1435895308716968,0.9,80.0,92.0,140.0,186.0,169.0,199.0,214.0,937.7824486523554,937.7819300182233
India_20250721_015302,1232,106.0,0.0005031769940758448,105.99949682300593,1335006814,1423,44459870,106,0.1394407352478975,0.9,120.0,80.0,92.0,140.0,186.0,169.0,199.0,937.4172794292116,937.4167762522175
India_20250721_015302,1233,96.0,0.00048818053366401755,95.99951181946633,1335006718,1397,44459992,96,0.13693270717658,0.9,106.0,120.0,80.0,92.0,140.0,186.0,169.0,937.1050740864232,937.1045859058895
India_20250721_015302,1234,108.0,0.0004736310210010773,107.999526368979,1335006610,1291,44460206,108,0.1344501329510543,0.9,96.0,106.0,120.0,80.0,92.0,140.0,186.0,936.7980266637875,936.7975530327665
India_20250721_015302,1235,90.0,0.0004595151354577161,89.99954048486454,1335006520,1183,44460402,90,0.134869744053377,0.9,108.0,96.0,106.0,120.0,80.0,92.0,140.0,936.5856997198518,936.5852402047163
India_20250721_015302,1236,63.0,0.0004458199534066588,62.999554180046594,1335006457,1076,44460571,63,0.1363047839622925,0.9,90.0,108.0,96.0,106.0,120.0,80.0,92.0,936.4108992459122,936.4104534259588
India_20250721_015302,1237,36.0,0.0004325329363905935,35.999567467063606,1335006421,926,44460756,36,0.1325128593508646,0.9,63.0,90.0,108.0,96.0,106.0,120.0,80.0,936.0616233286339,936.0611907956975
India_20250721_015302,1238,92.0,0.00041964191964273946,91.99958035808035,1335006329,877,44460896,92,0.1393105514128388,0.9,36.0,63.0,90.0,108.0,96.0,106.0,120.0,936.0804046942284,936.0799850523088
India_20250721_015302,1239,95.0,0.00040713510094954303,94.99959286489906,1335006234,879,44460987,95,0.1502922936643316,0.9,92.0,36.0,63.0,90.0,108.0,96.0,106.0,936.1952739028411,936.1948667677401
India_20250721_015302,1240,51.0,0.0003950010298453046,50.999604998970156,1335006183,848,44461067,51,0.1475034813037098,0.9,95.0,92.0,36.0,63.0,90.0,108.0,96.0,935.8977391180881,935.8973441170583
India_20250721_015302,1241,55.0,0.0003832285971288443,54.99961677140287,1335006128,782,44461187,55,0.1438264527575734,0.9,51.0,95.0,92.0,36.0,63.0,90.0,108.0,935.5738986660226,935.5735154374255
India_20250721_015302,1242,80.0,0.0003718070246926081,79.99962819297531,1335006048,758,44461291,80,0.1534512374015166,0.9,55.0,51.0,95.0,92.0,36.0,63.0,90.0,935.6303609909804,935.6299891839557
India_20250721_015302,1243,47.0,0.00036072585565490213,46.99963927414434,1335006001,710,44461386,47,0.1560357487628564,0.9,80.0,55.0,51.0,95.0,92.0,36.0,63.0,935.4803357356863,935.4799750098306
India_20250721_015302,1244,33.0,0.0003499749447862225,32.99965002505521,1335005968,636,44461493,33,0.1598816077991632,0.9,47.0,80.0,55.0,51.0,95.0,92.0,36.0,935.3592608435531,935.3589108686083
India_20250721_015302,1245,65.0,0.0003395444492209135,64.99966045555078,1335005903,610,44461582,65,0.1607231130450799,0.9,33.0,47.0,80.0,55.0,51.0,95.0,92.0,935.1739071794055,935.1735676349563
India_20250721_015302,1246,47.0,0.00032942481944565205,46.99967057518055,1335005856,596,44461643,47,0.1514863490589191,0.9,65.0,33.0,47.0,80.0,55.0,51.0,95.0,934.7307826831743,934.7304532583548
India_20250721_015302,1247,44.0,0.0003196067905565068,43.999680393209445,1335005812,606,44461677,44,0.1561542703521024,0.9,47.0,65.0,33.0,47.0,80.0,55.0,51.0,934.6354394979553,934.6351198911648
India_20250721_015302,1248,40.0,0.000310081373776568,39.999689918626224,1335005772,554,44461768,40,0.1564933628947281,0.9,44.0,47.0,65.0,33.0,47.0,80.0,55.0,934.4346689294804,934.4343588481066
India_20250721_015302,1249,53.0,0.00030083984822638254,52.99969916015177,1335005719,511,44461863,53,0.1545340835560082,0.9,40.0,44.0,47.0,65.0,33.0,47.0,80.0,934.1795342826587,934.1792334428104
India_20250721_015302,1250,44.0,0.00029187375293965854,43.99970812624706,1335005675,503,44461914,44,0.1616519921685923,0.9,53.0,40.0,44.0,47.0,65.0,33.0,47.0,934.1358981599302,934.1356062861772
India_20250721_015302,1251,26.0,0.00028317487911693086,25.999716825120885,1335005649,474,44461969,26,0.1631910286534588,0.9,44.0,53.0,40.0,44.0,47.0,65.0,33.0,933.9603775721441,933.960094397265
India_20250721_015302,1252,56.0,0.00027473526261009455,55.99972526473739,1335005593,450,44462047,56,0.1678994672714567,0.9,26.0,44.0,53.0,40.0,44.0,47.0,65.0,933.8547580031449,933.8544832678823
India_20250721_015302,1253,42.0,0.0002665471766309259,41.99973345282337,1335005551,445,44462094,42,0.1727088972748384,0.9,56.0,26.0,44.0,53.0,40.0,44.0,47.0,933.7363462900669,933.7360797428903
India_20250721_015302,1254,45.0,0.0002586031246769156,44.99974139687532,1335005506,455,44462127,45,0.1807712266067986,0.9,42.0,56.0,26.0,44.0,53.0,40.0,44.0,933.6627408038163,933.6624822006917
India_20250721_015302,1255,49.0,0.00025089583366793715,48.999749104166334,1335005457,440,44462191,49,0.1930828497905255,0.9,45.0,42.0,56.0,26.0,44.0,53.0,40.0,933.6126719389608,933.6124210431271
India_20250721_015302,1256,32.0,0.00024341824728746678,31.999756581752713,1335005425,425,44462237,32,0.1863074910469889,0.9,49.0,45.0,42.0,56.0,26.0,44.0,53.0,933.3279835407523,933.327740122505
India_20250721_015302,1257,24.0,0.0002361635195222586,23.99976383648048,1335005401,406,44462280,24,0.1775549543790863,0.9,32.0,49.0,45.0,42.0,56.0,26.0,44.0,932.9947009358677,932.9944647723482
India_20250721_015302,1258,20.0,0.0002291250083945607,19.999770874991604,1335005381,386,44462320,20,0.176837632991064,0.9,24.0,32.0,49.0,45.0,42.0,56.0,26.0,932.776552602027,932.7763234770185
India_20250721_015302,1259,46.0,0.00022229626988113318,45.99977770373012,1335005335,381,44462371,46,0.1771411131151235,0.9,20.0,24.0,32.0,49.0,45.0,42.0,56.0,932.5814136514439,932.581191355174
India_20250721_015302,1260,48.0,0.00021567105201350097,47.99978432894799,1335005287,385,44462415,48,0.1867843688763698,0.9,46.0,20.0,24.0,32.0,49.0,45.0,42.0,932.5133572417706,932.5131415707185
India_20250721_015302,1261,52.0,0.00020924328915404025,51.999790756710844,1335005235,412,44462439,52,0.196808743556352,0.9,48.0,46.0,20.0,24.0,32.0,49.0,45.0,932.4179800418758,932.4177707985866
India_20250721_015302,1262,54.0,0.00020300709644265776,53.999796992903555,1335005181,410,44462495,54,0.2037126077542274,0.9,52.0,48.0,46.0,20.0,24.0,32.0,49.0,932.26850592787,932.2683029207736
India_20250721_015302,1263,59.0,0.00019695676440897872,58.99980304323559,1335005122,427,44462536,59,0.2247337675299519,0.9,54.0,52.0,48.0,46.0,20.0,24.0,32.0,932.1209101054842,932.1207131487198
India_20250721_015302,1264,43.0,0.00019108675374511063,42.999808913246255,1335005079,425,44462581,43,0.2377974222684349,0.9,59.0,54.0,52.0,48.0,46.0,20.0,24.0,931.875573887652,931.8753828008983
India_20250721_015302,1265,34.0,0.00018539169023419744,33.99981460830976,1335005045,410,44462630,34,0.2468759796670869,0.9,43.0,59.0,54.0,52.0,48.0,46.0,20.0,931.6100870030058,931.6099016113155
India_20250721_015302,1266,49.0,0.00017986635983012063,48.99982013364017,1335004996,427,44462662,49,0.2469767630443973,0.9,34.0,43.0,59.0,54.0,52.0,48.0,46.0,931.413984734075,931.4138048677152
India_20250721_015302,1267,51.0,0.00017450570388384272,50.99982549429612,1335004945,454,44462686,51,0.2450433582741416,0.9,49.0,34.0,43.0,59.0,54.0,52.0,48.0,931.232712576827,931.2325380711231
India_20250721_015302,1268,109.0,0.00016930481451202272,108.9998306951855,1335004836,544,44462705,109,0.276061332895637,0.9,51.0,49.0,34.0,43.0,59.0,54.0,52.0,930.6309535853512,930.6307842805367
India_20250721_015302,1269,60.0,0.00016425893010366333,59.999835741069894,1335004776,558,44462751,60,0.2699259137093286,0.9,109.0,51.0,49.0,34.0,43.0,59.0,54.0,930.5436017418522,930.5434374829221
India_20250721_015302,1270,40.0,0.00015936343096067571,39.99984063656904,1335004736,551,44462798,40,0.2485968141076445,0.9,60.0,109.0,51.0,49.0,34.0,43.0,59.0,930.617853529692,930.617694166261
India_20250721_015302,1271,47.0,0.0001546138350683714,46.99984538616493,1335004689,546,44462850,47,0.2440476025919131,0.9,40.0,60.0,109.0,51.0,49.0,34.0,43.0,930.4580617003553,930.4579070865202
India_20250721_015302,1272,21.0,0.00015000579399200798,20.99984999420601,1335004668,513,44462904,21,0.2317794713274769,0.9,47.0,40.0,60.0,109.0,51.0,49.0,34.0,930.3263056874813,930.3261556816873
India_20250721_015302,1273,60.0,0.00014553508889563282,59.9998544649111,1335004608,514,44462963,60,0.2310254292510388,0.9,21.0,47.0,40.0,60.0,109.0,51.0,49.0,930.1363891079135,930.1362435728246
India_20250721_015302,1274,42.0,0.000141197626679579,41.99985880237332,1335004566,513,44463006,42,0.2198833249270552,0.9,60.0,21.0,47.0,40.0,60.0,109.0,51.0,929.9546762645247,929.954535066898
India_20250721_015302,1275,52.0,0.00013698943623307775,51.999863010563764,1335004514,531,44463040,52,0.1789121540020917,0.9,42.0,60.0,21.0,47.0,40.0,60.0,109.0,929.4618529968716,929.4617160074354
India_20250721_015302,1276,50.0,0.0001329066647985563,49.999867093335205,1335004464,532,44463089,50,0.1741476237631252,0.9,52.0,42.0,60.0,21.0,47.0,40.0,60.0,929.1923509012277,929.1922179945628
India_20250721_015302,1277,52.0,0.0001289455744442926,51.999871054425554,1335004412,532,44463140,52,0.1818442293768129,0.9,50.0,52.0,42.0,60.0,21.0,47.0,40.0,929.108203252286,929.1080743067115
India_20250721_015302,1278,41.0,0.00012510253864219732,40.99987489746136,1335004371,463,44463249,41,0.1794130257237283,0.9,52.0,50.0,52.0,42.0,60.0,21.0,47.0,928.8839285060856,928.883803403547
India_20250721_015302,1279,36.0,0.00012137403894759022,35.99987862596105,1335004335,439,44463309,36,0.1910177615212127,0.9,41.0,52.0,50.0,52.0,42.0,60.0,21.0,928.8269800540364,928.8268586799975
India_20250721_015302,1280,60.0,0.00011775666177793099,59.99988224333822,1335004275,459,44463349,60,0.1968405376586056,0.9,36.0,41.0,52.0,50.0,52.0,42.0,60.0,928.6927801795993,928.6926624229375
India_20250721_015302,1281,77.0,0.00011424709528755521,76.99988575290472,1335004198,488,44463396,77,0.2222531154972312,0.9,60.0,36.0,41.0,52.0,50.0,52.0,42.0,928.6034397174529,928.6033254703576
India_20250721_015302,1282,54.0,0.00011084212633555436,53.99988915787367,1335004144,521,44463417,54,0.2249972300691363,0.9,77.0,60.0,36.0,41.0,52.0,50.0,52.0,928.413578598418,928.4134677562917
India_20250721_015302,1283,77.0,0.00010753863754402374,76.99989246136245,1335004067,538,44463477,77,0.240836767403231,0.9,54.0,77.0,60.0,36.0,41.0,52.0,50.0,928.1722764418251,928.1721689031876
India_20250721_015302,1284,47.0,0.00010433360444398516,46.99989566639555,1335004020,544,44463518,47,0.2377699908466031,0.9,77.0,54.0,77.0,60.0,36.0,41.0,52.0,928.0003057049754,928.000201371371
India_20250721_015302,1285,54.0,0.00010122409270637097,53.99989877590729,1335003966,547,44463569,54,0.2443257639119918,0.9,47.0,77.0,54.0,77.0,60.0,36.0,41.0,927.7739198682847,927.7738186441919
India_20250721_015302,1286,25.0,9.820725545553494e-05,24.999901792744545,1335003941,522,44463619,25,0.2348600059563236,0.9,54.0,47.0,77.0,54.0,77.0,60.0,36.0,927.6363346730163,927.6362364657609
India_20250721_015302,1287,53.0,9.528033066282984e-05,52.99990471966934,1335003888,523,44463671,53,0.2244811216320009,0.9,25.0,54.0,47.0,77.0,54.0,77.0,60.0,927.4761958274654,927.4761005471347
India_20250721_015302,1288,39.0,9.24406386178657e-05,38.99990755936138,1335003849,520,44463711,39,0.1969591277115285,0.9,53.0,25.0,54.0,47.0,77.0,54.0,77.0,927.1932638736398,927.1931714330012
India_20250721_015302,1289,47.0,8.968557947513363e-05,46.999910314420525,1335003802,531,44463747,47,0.1909721767798383,0.9,39.0,53.0,25.0,54.0,47.0,77.0,54.0,926.9541528004652,926.9540631148857
India_20250721_015302,1290,38.0,8.701263087374878e-05,37.99991298736913,1335003764,509,44463807,38,0.1684582076515575,0.9,47.0,39.0,53.0,25.0,54.0,47.0,77.0,926.4838834136294,926.4837964009986
India_20250721_015302,1291,38.0,8.441934562813361e-05,37.999915580654374,1335003726,469,44463884,38,0.1647060399149488,0.9,38.0,47.0,39.0,53.0,25.0,54.0,47.0,926.2357468950207,926.2356624756751
India_20250721_015302,1292,39.0,8.190334948752691e-05,38.99991809665051,1335003687,454,44463938,39,0.1599483289543246,0.9,38.0,38.0,47.0,39.0,53.0,25.0,54.0,925.9706987771758,925.9706168738263
India_20250721_015302,1293,22.0,7.946233896226729e-05,21.999920537661037,1335003665,398,44464015,22,0.1607618016971172,0.9,39.0,38.0,38.0,47.0,39.0,53.0,25.0,925.8012662889718,925.8011868266328
India_20250721_015302,1294,58.0,7.709407921486139e-05,57.99992290592078,1335003607,409,44464062,58,0.1738148667883448,0.9,22.0,39.0,38.0,38.0,47.0,39.0,53.0,925.832711130035,925.8326340359558
India_20250721_015302,1295,33.0,7.47964020139055e-05,32.99992520359799,1335003574,388,44464114,33,0.1756208448270063,0.9,58.0,22.0,39.0,38.0,38.0,47.0,39.0,925.6752219780911,925.6751471816891
India_20250721_015302,1296,50.0,7.25672037489877e-05,49.99992743279625,1335003524,413,44464139,50,0.1869861023639022,0.9,33.0,58.0,22.0,39.0,38.0,38.0,47.0,925.6310547148993,925.6309821476955
India_20250721_015302,1297,72.0,7.040444350475298e-05,71.9999295955565,1335003452,431,44464192,72,0.2173389536956463,0.9,50.0,33.0,58.0,22.0,39.0,38.0,38.0,925.6297218039696,925.6296513995261
India_20250721_015302,1298,51.0,6.830614119236793e-05,50.999931693858805,1335003401,444,44464230,51,0.2302376142701206,0.9,72.0,50.0,33.0,58.0,22.0,39.0,38.0,925.446289231062,925.4462209249208
India_20250721_015302,1299,54.0,6.627037573667459e-05,53.99993372962426,1335003347,450,44464277,54,0.2415983276143057,0.9,51.0,72.0,50.0,33.0,58.0,22.0,39.0,925.2255904864662,925.2255242160904
India_20250721_015302,1300,23.0,6.429528331737337e-05,22.999935704716684,1335003324,436,44464314,23,0.2423818684360491,0.9,54.0,51.0,72.0,50.0,33.0,58.0,22.0,925.0417963569487,925.0417320616654
India_20250721_015302,1301,56.0,6.237905566262512e-05,55.99993762094434,1335003268,454,44464352,56,0.2372758843922252,0.9,23.0,54.0,51.0,72.0,50.0,33.0,58.0,924.8935813289535,924.8935189498978
India_20250721_015302,1302,54.0,6.051993839350984e-05,53.999939480061606,1335003214,471,44464389,54,0.2485752155680292,0.9,56.0,23.0,54.0,51.0,72.0,50.0,33.0,924.6524902644329,924.6524297444945
India_20250721_015302,1303,73.0,5.8716229417826314e-05,72.99994128377058,1335003141,521,44464411,73,0.2562906270044781,0.9,54.0,56.0,23.0,54.0,51.0,72.0,50.0,924.4181200458952,924.4180613296658
India_20250721_015302,1304,60.0,5.696627737176244e-05,59.99994303372263,1335003081,523,44464468,60,0.2388148198976261,0.9,73.0,54.0,56.0,23.0,54.0,51.0,72.0,924.3651084171852,924.3650514509078
India_20250721_015302,1305,44.0,5.5268480108009094e-05,43.99994473151989,1335003037,534,44464501,44,0.2287142136082592,0.9,60.0,73.0,54.0,56.0,23.0,54.0,51.0,924.2189857877703,924.2189305192902
India_20250721_015302,1306,70.0,5.362128322893363e-05,69.99994637871677,1335002967,554,44464550,70,0.2315095168969463,0.9,44.0,60.0,73.0,54.0,56.0,23.0,54.0,924.0414132475305,924.0413596262473
India_20250721_015302,1307,23.0,5.202317866347009e-05,22.999947976821336,1335002944,505,44464622,23,0.2286757309030531,0.9,70.0,44.0,60.0,73.0,54.0,56.0,23.0,923.8702604175412,923.8702083943625
India_20250721_015302,1308,61.0,5.0472703286423104e-05,60.999949527296714,1335002883,515,44464673,61,0.2264168623343423,0.9,23.0,70.0,44.0,60.0,73.0,54.0,56.0,923.704564701879,923.7045142291757
India_20250721_015302,1309,50.0,4.896843757892131e-05,49.99995103156242,1335002833,510,44464727,50,0.2199620150000099,0.9,61.0,23.0,70.0,44.0,60.0,73.0,54.0,923.532840907384,923.5327919389464
India_20250721_015302,1310,49.0,4.750900432879424e-05,48.999952490995675,1335002784,537,44464749,49,0.202563003450911,0.9,50.0,61.0,23.0,70.0,44.0,60.0,73.0,923.3086190530544,923.3085715440501
India_20250721_015302,1311,50.0,4.6093067369682404e-05,49.99995390693263,1335002734,439,44464804,50,0.1960496983941801,0.9,49.0,50.0,61.0,23.0,70.0,44.0,60.0,923.0948354824088,923.0947893893415
India_20250721_015302,1312,60.0,4.471933035772645e-05,59.999955280669646,1335002674,445,44464858,60,0.2115683572818662,0.9,50.0,49.0,50.0,61.0,23.0,70.0,44.0,923.002116513765,923.0020717944346
India_20250721_015302,1313,46.0,4.338653558471531e-05,45.99995661346441,1335002628,419,44464930,46,0.2033827895527307,0.9,60.0,50.0,49.0,50.0,61.0,23.0,70.0,922.8002753766432,922.8002319901076
India_20250721_015302,1314,28.0,4.209346282660674e-05,27.999957906537173,1335002600,387,44464990,28,0.2108578237798424,0.9,46.0,60.0,50.0,49.0,50.0,61.0,23.0,922.6578123759166,922.6577702824537
India_20250721_015302,1315,66.0,4.0838928226366075e-05,65.99995916107177,1335002534,408,44465034,66,0.2255513876415795,0.9,28.0,46.0,60.0,50.0,49.0,50.0,61.0,922.5119510242986,922.5119101853703
India_20250721_015302,1316,71.0,3.962178321010029e-05,70.99996037821678,1335002463,410,44465103,71,0.2482729092697533,0.9,66.0,28.0,46.0,60.0,50.0,49.0,50.0,922.2649595493358,922.2649199275526
India_20250721_015302,1317,46.0,3.8440913435495134e-05,45.999961559086564,1335002417,433,44465126,46,0.2530328940128972,0.9,71.0,66.0,28.0,46.0,60.0,50.0,49.0,922.0659128664729,922.0658744255595
India_20250721_015302,1318,59.0,3.7295237771592625e-05,58.999962704762225,1335002358,523,44465094,59,0.2657766626392435,0.9,46.0,71.0,66.0,28.0,46.0,60.0,50.0,921.7872120091099,921.7871747138721
India_20250721_015302,1319,68.0,3.618370730897471e-05,67.99996381629269,1335002290,539,44465144,68,0.2638111146920358,0.9,59.0,46.0,71.0,66.0,28.0,46.0,60.0,921.6461687965223,921.646132612815
India_20250721_015302,1320,70.0,3.510530439944702e-05,69.9999648946956,1335002220,560,44465193,70,0.2716375613760086,0.9,68.0,59.0,46.0,71.0,66.0,28.0,46.0,921.3988510217637,921.3988159164593
India_20250721_015302,1321,40.0,3.4059041724343456e-05,39.999965940958276,1335002180,550,44465243,40,0.2729969783448548,0.9,70.0,68.0,59.0,46.0,71.0,66.0,28.0,921.2206220546663,921.2205879956246
India_20250721_015302,1322,97.0,3.3043961390598595e-05,96.9999669560386,1335002083,587,44465302,97,0.2747161954442826,0.9,40.0,70.0,68.0,59.0,46.0,71.0,66.0,921.0455745420852,921.0455414981238
India_20250721_015302,1323,58.0,3.205913405376031e-05,57.99996794086594,1335002025,598,44465348,58,0.2525027183709088,0.9,97.0,40.0,70.0,68.0,59.0,46.0,71.0,921.1016939214577,921.1016618623237
India_20250721_015302,1324,60.0,3.1103658067139826e-05,59.99996889634193,1335001965,630,44465376,60,0.24899974261789,0.9,58.0,97.0,40.0,70.0,68.0,59.0,46.0,920.9635708685493,920.9635397648912
India_20250721_015302,1325,72.0,3.0176658656319997e-05,71.99996982334135,1335001893,637,44465441,72,0.2425101637008306,0.9,60.0,58.0,97.0,40.0,70.0,68.0,59.0,920.8407615595246,920.8407313828659
India_20250721_015302,1326,55.0,2.927728711826626e-05,54.99997072271288,1335001838,622,44465510,55,0.2296104393617633,0.9,72.0,60.0,58.0,97.0,40.0,70.0,68.0,920.7197667661206,920.7197374888335
India_20250721_015302,1327,55.0,2.840472004430691e-05,54.99997159527996,1335001783,631,44465556,55,0.2173696868045757,0.9,55.0,72.0,60.0,58.0,97.0,40.0,70.0,920.5597866887396,920.5597582840195
India_20250721_015302,1328,26.0,2.755815856627127e-05,25.999972441841432,1335001757,598,44465615,26,0.2084431556144849,0.9,55.0,55.0,72.0,60.0,58.0,97.0,40.0,920.3749004551524,920.3748728969939
India_20250721_015302,1329,51.0,2.6736827625095704e-05,50.99997326317237,1335001706,581,44465682,51,0.1815433657904308,0.9,26.0,55.0,55.0,72.0,60.0,58.0,97.0,920.0401360465528,920.0401093097252
India_20250721_015302,1330,44.0,2.593997526122767e-05,43.99997406002474,1335001662,556,44465751,44,0.1747279996085302,0.9,51.0,26.0,55.0,55.0,72.0,60.0,58.0,919.8081145144776,919.8080885745023
India_20250721_015302,1331,55.0,2.516687192617832e-05,54.99997483312807,1335001607,571,44465791,55,0.1743105128204989,0.9,44.0,51.0,26.0,55.0,55.0,72.0,60.0,919.6481240925225,919.6480989256505
India_20250721_015302,1332,70.0,2.4416809814593257e-05,69.99997558319019,1335001537,544,44465888,70,0.1767637231881791,0.9,55.0,44.0,51.0,26.0,55.0,55.0,72.0,919.5208506897557,919.5208262729459
India_20250721_015302,1333,62.0,2.3689102216229963e-05,61.999976310897786,1335001475,549,44465945,62,0.1849236211758295,0.9,70.0,55.0,44.0,51.0,26.0,55.0,55.0,919.4445646357974,919.4445409466952
India_20250721_015302,1334,40.0,2.2983082887248568e-05,39.999977016917114,1335001435,529,44466005,40,0.1803266776822964,0.9,62.0,70.0,55.0,44.0,51.0,26.0,55.0,919.247288049457,919.2472650663741
India_20250721_015302,1335,38.0,2.229810544024042e-05,37.99997770189456,1335001397,495,44466077,38,0.1893728586469446,0.9,40.0,62.0,70.0,55.0,44.0,51.0,26.0,919.1708801679448,919.1708578698393
India_20250721_015302,1336,47.0,2.1633542752435942e-05,46.99997836645725,1335001350,488,44466131,47,0.1922274360932258,0.9,38.0,40.0,62.0,70.0,55.0,44.0,51.0,919.040850984533,919.0408293509903
India_20250721_015302,1337,51.0,2.0988786391550036e-05,50.99997901121361,1335001299,484,44466186,51,0.2007264907212311,0.942857142857143,47.0,38.0,40.0,62.0,70.0,55.0,44.0,918.7923885683474,918.792367579561
India_20250721_015302,1338,40.0,2.0363246058739276e-05,39.99997963675394,1335001259,498,44466212,40,0.1959193969564421,0.9857142857142858,51.0,47.0,38.0,40.0,62.0,70.0,55.0,912.2504673265039,912.2504469632578
India_20250721_015302,1339,41.0,1.9756349048161002e-05,40.99998024365095,1335001218,488,44466263,41,0.1840280479288436,1.0285714285714285,40.0,51.0,47.0,38.0,40.0,62.0,70.0,897.8545940734853,897.8545743171362
India_20250721_015302,1340,56.0,1.9167539722639446e-05,55.999980832460274,1335001162,499,44466307,56,0.1842594616406812,1.0714285714285714,41.0,40.0,51.0,47.0,38.0,40.0,62.0,877.1455634779344,877.1455443103947
India_20250721_015302,1341,36.0,1.8596279004958876e-05,35.999981403720994,1335001126,480,44466362,36,0.1840481603206574,1.1142857142857143,56.0,41.0,40.0,51.0,47.0,38.0,40.0,857.5397922269855,857.5397736307065
India_20250721_015302,1342,42.0,1.8042043884317995e-05,41.999981957956116,1335001084,452,44466432,42,0.1886751415784917,1.157142857142857,36.0,56.0,41.0,40.0,51.0,47.0,38.0,849.5075630540107,849.5075450119668
India_20250721_015302,1343,38.0,1.750432693749379e-05,37.99998249567306,1335001046,426,44466494,38,0.1854621804218617,1.2,42.0,36.0,56.0,41.0,40.0,51.0,47.0,856.7175839864523,856.7175664821253
India_20250721_015302,1344,250.0,1.6982635864276354e-05,249.99998301736414,1335000796,636,44466534,250,0.3279206833121694,1.2,38.0,42.0,36.0,56.0,41.0,40.0,51.0,860.0284321716966,860.0284151890608
India_20250721_015302,1345,39.0,1.647649303674942e-05,38.99998352350696,1335000757,637,44466572,39,0.3216227946551213,1.2,250.0,38.0,42.0,36.0,56.0,41.0,40.0,859.8883775275507,859.8883610510577
India_20250721_015302,1346,42.0,1.598543506200393e-05,41.99998401456494,1335000715,632,44466619,42,0.316780549328126,1.2,39.0,250.0,38.0,42.0,36.0,56.0,41.0,859.8277649891561,859.827749003721
India_20250721_015302,1347,43.0,1.5509012357884305e-05,42.99998449098764,1335000672,625,44466669,43,0.3029831910660382,1.2,42.0,39.0,250.0,38.0,42.0,36.0,56.0,859.410604852187,859.4105893431747
India_20250721_015302,1348,38.0,1.5046788741378962e-05,37.99998495321126,1335000634,623,44466709,38,0.2996327204798638,1.2,43.0,42.0,39.0,250.0,38.0,42.0,36.0,859.4417684880818,859.4417534412931
India_20250721_015302,1349,26.0,1.4598341029278262e-05,25.99998540165897,1335000608,607,44466750,26,0.286115838690704,1.2,38.0,43.0,42.0,39.0,250.0,38.0,42.0,859.1230284418069,859.1230138434659
India_20250721_015302,1350,46.0,1.4163258650734277e-05,45.99998583674135,1335000562,599,44466804,46,0.2836679518236839,1.2,26.0,38.0,43.0,42.0,39.0,250.0,38.0,859.2068128434287,859.20679868017
India_20250721_015302,1351,35.0,1.3741143271367642e-05,34.99998625885673,1335000527,598,44466840,35,0.1276007150804823,1.2,46.0,26.0,38.0,43.0,42.0,39.0,250.0,859.0897190167847,859.0897052756414
India_20250721_015302,1352,37.0,1.3331608428577353e-05,36.99998666839157,1335000490,591,44466882,37,0.1277637949361643,1.2,35.0,46.0,26.0,38.0,43.0,42.0,39.0,859.2477346034557,859.2477212718472
India_20250721_015302,1353,51.0,1.2934279177719647e-05,50.99998706572082,1335000439,604,44466920,51,0.133777126410142,1.2,37.0,35.0,46.0,26.0,38.0,43.0,42.0,859.249636073455,859.2496231391758
India_20250721_015302,1354,27.0,1.2548791748831979e-05,26.999987451208252,1335000412,381,44467170,27,0.1268849630414583,1.2,51.0,37.0,35.0,46.0,26.0,38.0,43.0,859.6023264823708,859.602313933579
India_20250721_015302,1355,33.0,1.2174793213587867e-05,32.99998782520679,1335000379,375,44467209,33,0.1345090538712122,1.2,27.0,51.0,37.0,35.0,46.0,26.0,38.0,859.5616887822941,859.5616766075009
India_20250721_015302,1356,21.0,1.1811941162177658e-05,20.999988188058836,1335000358,355,44467250,21,0.1387225819753151,1.2142857142857142,33.0,27.0,51.0,37.0,35.0,46.0,26.0,864.0208889994279,864.0208771874868
India_20250721_015302,1357,38.0,1.145990338981938e-05,37.99998854009661,1335000320,350,44467293,38,0.1479549879083231,1.2285714285714284,21.0,33.0,27.0,51.0,37.0,35.0,46.0,868.8928525179422,868.8928410580388
India_20250721_015302,1358,48.0,1.1118357592612713e-05,47.99998888164241,1335000272,360,44467331,48,0.1712022304521456,1.242857142857143,38.0,21.0,33.0,27.0,51.0,37.0,35.0,873.8002832473597,873.8002721290021
India_20250721_015302,1359,37.0,1.078699107245755e-05,36.99998921300893,1335000235,372,44467355,37,0.1832832840116897,1.2571428571428571,48.0,38.0,21.0,33.0,27.0,51.0,37.0,878.6973413961294,878.6973306091384
India_20250721_015302,1360,1275.0,1.046550045076708e-05,1274.9999895344995,1334998960,348,44467401,1275,1.1700680087580893,1.2714285714285716,37.0,48.0,38.0,21.0,33.0,27.0,51.0,896.7558382349505,896.7558277694501
India_20250721_015302,1361,12.0,1.0153591390713196e-05,11.99998984640861,1334998948,325,44467436,12,1.1670498220339125,1.2857142857142858,1275.0,37.0,48.0,38.0,21.0,33.0,27.0,896.7842622479212,896.7842520943299
India_20250721_015302,1362,9.0,9.850978327749994e-06,8.999990149021672,1334998939,297,44467473,9,1.1496475518493174,1.3,12.0,1275.0,37.0,48.0,38.0,21.0,33.0,896.7993898060819,896.7993799551035
India_20250721_015302,1363,14.0,9.55738420816864e-06,13.999990442615792,1334998925,258,44467524,14,1.1470302332167377,1.3,9.0,12.0,1275.0,37.0,48.0,38.0,21.0,896.7978609555715,896.7978513981873
India_20250721_015302,1364,51.0,9.2725402354442e-06,50.99999072745977,1334998874,282,44467551,51,1.173798054959103,1.3,14.0,9.0,12.0,1275.0,37.0,48.0,38.0,896.8148552201409,896.8148459476007
India_20250721_015302,1365,24.0,8.996185624142257e-06,23.999991003814376,1334998850,273,44467584,24,1.1584293679775255,1.3,51.0,14.0,9.0,12.0,1275.0,37.0,48.0,896.8060118273007,896.806002831115
India_20250721_015302,1366,26.0,8.728067361159987e-06,25.99999127193264,1334998824,279,44467604,26,1.1562025900660928,1.3,24.0,51.0,14.0,9.0,12.0,1275.0,37.0,896.804865236757,896.8048565086897
India_20250721_015302,1367,35.0,8.467939974083077e-06,34.99999153206003,1334998789,1529,44466389,35,0.1809817350603123,1.2857142857142858,26.0,24.0,51.0,14.0,9.0,12.0,1275.0,887.2797720336856,887.2797635657456
India_20250721_015302,1368,34.0,8.215565306446453e-06,33.99999178443469,1334998755,1515,44466437,34,0.1773649361769643,1.2714285714285716,35.0,26.0,24.0,51.0,14.0,9.0,12.0,883.6682184709712,883.6682102554058
India_20250721_015302,1369,23.0,7.970712299693019e-06,22.9999920292877,1334998732,1501,44466474,23,0.1736699334713295,1.2571428571428571,34.0,35.0,26.0,24.0,51.0,14.0,9.0,879.5308018214133,879.530793850701
India_20250721_015302,1370,22.0,7.733156781630811e-06,21.99999226684322,1334998710,250,44467747,22,0.1640767773702676,1.2428571428571429,23.0,34.0,35.0,26.0,24.0,51.0,14.0,875.0720265001017,875.072018766945
India_20250721_015302,1371,38.0,7.502681261194867e-06,37.999992497318736,1334998672,275,44467759,38,0.150587057809458,1.2285714285714284,22.0,23.0,34.0,35.0,26.0,24.0,51.0,870.5845262157904,870.5845187131092
India_20250721_015302,1372,15.0,7.279074729325929e-06,14.99999272092527,1334998657,281,44467768,15,0.1415610320374118,1.2142857142857142,38.0,22.0,23.0,34.0,35.0,26.0,24.0,866.2899449828546,866.28993770378
India_20250721_015302,1373,19.0,7.0621324657836715e-06,18.999992937867535,1334998638,286,44467782,19,0.1334028763959981,1.2,15.0,38.0,22.0,23.0,34.0,35.0,26.0,862.5546648115114,862.554657749379
India_20250721_015302,1374,14.0,6.851655851717569e-06,13.999993148344148,1334998624,249,44467833,14,0.1108098500506733,1.2,19.0,15.0,38.0,22.0,23.0,34.0,35.0,863.3395365733821,863.3395297217263
India_20250721_015302,1375,8.0,6.647452187823828e-06,7.999993352547812,1334998616,233,44467857,8,0.1137313361740801,1.2,14.0,19.0,15.0,38.0,22.0,23.0,34.0,863.4105197907041,863.4105131432519
India_20250721_015302,1376,8.0,6.449334517921882e-06,7.999993550665482,1334998608,215,44467883,8,0.1193881598835377,1.2,8.0,14.0,19.0,15.0,38.0,22.0,23.0,863.4067257752333,863.4067193258988
India_20250721_015302,1377,5.0,6.257121457788934e-06,4.999993742878543,1334998603,185,44467918,5,0.1219278114301372,1.2,8.0,8.0,14.0,19.0,15.0,38.0,22.0,863.4977961453787,863.4977898882573
India_20250721_015302,1378,11.0,6.070637029095837e-06,10.99999392936297,1334998592,162,44467951,11,0.0945963908264591,1.2,5.0,8.0,8.0,14.0,19.0,15.0,38.0,864.5151775631964,864.5151714925594
India_20250721_015302,1379,11.0,5.889710498292278e-06,10.999994110289501,1334998581,150,44467974,11,0.098540960196292,1.2,11.0,5.0,8.0,8.0,14.0,19.0,15.0,864.5352101070247,864.5352042173142
India_20250721_015302,1380,14.0,5.714176220293748e-06,13.99999428582378,1334998567,142,44467996,14,0.1061365588040241,1.2,11.0,11.0,5.0,8.0,8.0,14.0,19.0,864.4434594784711,864.4434537642949
India_20250721_015302,1381,6.0,5.543873486827202e-06,5.9999944561265135,1334998561,110,44468034,6,0.1041584753955886,1.2,14.0,11.0,11.0,5.0,8.0,8.0,14.0,864.6649829786411,864.6649774347676
India_20250721_015302,1382,17.0,5.378646379296562e-06,16.999994621353622,1334998544,112,44468049,17,0.1403137588762839,1.2,6.0,14.0,11.0,11.0,5.0,8.0,8.0,863.86870243141,863.8686970527637
India_20250721_015302,1383,8.0,5.2183436260333275e-06,7.999994781656374,1334998536,101,44468068,8,0.1512692458119924,1.2,17.0,6.0,14.0,11.0,11.0,5.0,8.0,863.8258591114572,863.8258538931136
India_20250721_015302,1384,18.0,5.062818463801654e-06,17.999994937181537,1334998518,105,44468082,18,0.1970365667421595,1.2,8.0,17.0,6.0,14.0,11.0,11.0,5.0,863.5692366679779,863.5692316051594
India_20250721_015302,1385,10.0,4.91192850343105e-06,9.999995088071497,1334998508,108,44468089,10,0.2076036245078667,1.2,18.0,8.0,17.0,6.0,14.0,11.0,11.0,863.7389320383498,863.7389271264213
India_20250721_015302,1386,18.0,4.765535599453705e-06,17.9999952344644,1334998490,118,44468097,18,0.2367735452178917,1.2,10.0,18.0,8.0,17.0,6.0,14.0,11.0,864.1121734760874,864.1121687105518
India_20250721_015302,1387,26.0,4.6235057236270885e-06,25.999995376494276,1334998464,139,44468102,26,0.2742840863913566,1.2,18.0,10.0,18.0,8.0,17.0,6.0,14.0,864.9542723765343,864.9542677530286
India_20250721_015302,1388,18.0,4.485708842226023e-06,17.999995514291157,1334998446,146,44468113,18,0.300050875013586,1.2,26.0,18.0,10.0,18.0,8.0,17.0,6.0,865.8315975756276,865.8315930899188
India_20250721_015302,1389,21.0,4.352018796991885e-06,20.9999956479812,1334998425,156,44468124,21,0.2968877770103633,1.2,18.0,26.0,18.0,10.0,18.0,8.0,17.0,865.8897351718055,865.8897308197867
India_20250721_015302,1390,18.0,4.222313189629951e-06,17.99999577768681,1334998407,160,44468138,18,0.3098699965952435,1.2,21.0,18.0,26.0,18.0,10.0,18.0,8.0,866.4649608071668,866.4649565848536
India_20250721_015302,1391,13.0,4.096473269749123e-06,12.999995903526731,1334998394,167,44468144,13,0.2812309960663871,1.2,18.0,21.0,18.0,26.0,18.0,10.0,18.0,865.7642789936734,865.7642748972002
India_20250721_015302,1392,23.0,3.974383826141455e-06,22.999996025616174,1334998371,173,44468161,23,0.2937791804541678,1.2,13.0,18.0,21.0,18.0,26.0,18.0,10.0,866.2662273502826,866.2662233758988
India_20250721_015302,1393,26.0,3.855933081301934e-06,25.99999614406692,1334998345,191,44468169,26,0.288942121054524,1.2,23.0,13.0,18.0,21.0,18.0,26.0,18.0,866.2853168233495,866.2853129674164
India_20250721_015302,1394,36.0,3.741012589091942e-06,35.99999625898741,1334998309,207,44468187,36,0.2795332166043932,1.2,26.0,23.0,13.0,18.0,21.0,18.0,26.0,866.1959806837128,866.1959769427002
India_20250721_015302,1395,42.0,3.629517135452714e-06,41.99999637048286,1334998267,239,44468197,42,0.3012122135192073,1.2,36.0,26.0,23.0,13.0,18.0,21.0,18.0,866.9560628081601,866.956059178643
India_20250721_015302,1396,31.0,3.521344642077888e-06,30.99999647865536,1334998236,251,44468215,31,0.2970394294676496,1.2,42.0,36.0,26.0,23.0,13.0,18.0,21.0,866.9847930172871,866.9847894959424
India_20250721_015302,1397,21.0,3.4163960729569513e-06,20.999996583603927,1334998215,246,44468241,21,0.2876712888157112,1.2,31.0,42.0,36.0,26.0,23.0,13.0,18.0,866.876536605062,866.8765331886659
India_20250721_015302,1398,22.0,3.3145753437040267e-06,21.999996685424655,1334998193,250,44468259,22,0.2900874825807992,1.1928571428571428,21.0,31.0,42.0,36.0,26.0,23.0,13.0,865.6178322046455,865.6178288900702
India_20250721_015302,1399,79.0,3.2157892335889805e-06,78.99999678421077,1334998114,308,44468280,79,0.3427403410889371,1.1857142857142855,22.0,21.0,31.0,42.0,36.0,26.0,23.0,866.5093925117139,866.5093892959247
India_20250721_015302,1400,58.0,3.1199473001903203e-06,57.9999968800527,1334998056,348,44468298,58,0.3539701752235326,1.1785714285714286,79.0,22.0,21.0,31.0,42.0,36.0,26.0,866.2797462614412,866.2797431414939
India_20250721_015302,1401,71.0,3.0269617965917303e-06,70.99999697303821,1334997985,408,44468309,71,0.3585602447011701,1.1714285714285713,58.0,79.0,22.0,21.0,31.0,42.0,36.0,866.0335625611926,866.0335595342308
India_20250721_015302,1402,88.0,2.936747591046455e-06,87.99999706325241,1334997897,471,44468332,88,0.3623370565609105,1.164285714285714,71.0,58.0,79.0,22.0,21.0,31.0,42.0,866.0427778468589,866.0427749101113
India_20250721_015302,1403,76.0,2.849222089035962e-06,75.99999715077792,1334997821,522,44468357,76,0.3716852559729812,1.157142857142857,88.0,71.0,58.0,79.0,22.0,21.0,31.0,866.6570592926944,866.6570564434722
India_20250721_015302,1404,59.0,2.764305157651533e-06,58.99999723569484,1334997762,545,44468393,59,0.3803570475600399,1.15,76.0,88.0,71.0,58.0,79.0,22.0,21.0,867.5476243243461,867.547621560041
India_20250721_015302,1405,83.0,2.681919052229559e-06,82.99999731808094,1334997679,585,44468435,83,0.3989232735151852,1.15,59.0,76.0,88.0,71.0,58.0,79.0,22.0,868.7840535624716,868.7840508805526
India_20250721_015302,1406,119.0,2.6019883451733544e-06,118.99999739801166,1334997560,672,44468466,119,0.3656729463901151,1.15,83.0,59.0,76.0,88.0,71.0,58.0,79.0,867.061722871504,867.0617202695156
India_20250721_015302,1407,121.0,2.5244398568963405e-06,120.99999747556015,1334997439,769,44468487,121,0.3632357286297219,1.15,119.0,83.0,59.0,76.0,88.0,71.0,58.0,867.0950804519731,867.0950779275332
India_20250721_015302,1408,180.0,2.4492025888233654e-06,179.99999755079742,1334997259,926,44468509,180,0.372110076538636,1.15,121.0,119.0,83.0,59.0,76.0,88.0,71.0,867.7269667204762,867.7269642712736
India_20250721_015302,1409,148.0,2.3762076583888214e-06,147.99999762379235,1334997111,997,44468586,148,0.3556123772016901,1.15,180.0,121.0,119.0,83.0,59.0,76.0,88.0,867.0320760558363,867.0320736796286
India_20250721_015302,1410,166.0,2.3053882359720493e-06,165.99999769461175,1334996945,1105,44468644,166,0.3571306854186639,1.15,148.0,180.0,121.0,119.0,83.0,59.0,76.0,867.2711820016776,867.2711796962894
India_20250721_015302,1411,122.0,2.2366794837122936e-06,121.99999776332052,1334996823,1155,44468715,122,0.3563570253935684,1.15,166.0,148.0,180.0,121.0,119.0,83.0,59.0,867.3948792122552,867.3948769755757
India_20250721_015302,1412,164.0,2.170018496147188e-06,163.9999978299815,1334996659,1232,44468802,164,0.3533143348263006,1.15,122.0,166.0,148.0,180.0,121.0,119.0,83.0,867.4086651146628,867.4086629446442
India_20250721_015302,1413,252.0,2.105344242620422e-06,251.99999789465576,1334996407,1408,44468877,252,0.3536471324566591,1.15,164.0,122.0,166.0,148.0,180.0,121.0,119.0,867.5890382941349,867.5890361887906
India_20250721_015302,1414,237.0,2.0425975114058687e-06,236.99999795740248,1334996170,1588,44468933,237,0.3501810992797742,1.15,252.0,164.0,122.0,166.0,148.0,180.0,121.0,867.5866774748226,867.5866754322251
India_20250721_015302,1415,312.0,1.9817208554970067e-06,311.99999801827914,1334995858,1817,44469015,312,0.3390771408822314,1.15,237.0,252.0,164.0,122.0,166.0,148.0,180.0,867.242976489083,867.2429745073622
India_20250721_015302,1416,339.0,1.922658540012015e-06,338.99999807734144,1334995519,2036,44469134,339,0.346975941380871,1.15,312.0,237.0,252.0,164.0,122.0,166.0,148.0,867.7666547497462,867.7666528270877
India_20250721_015302,1417,335.0,1.8653564911663772e-06,334.99999813464353,1334995184,2245,44469255,335,0.3463967707794376,1.15,339.0,312.0,237.0,252.0,164.0,122.0,166.0,867.9048591319598,867.9048572666034
India_20250721_015302,1418,260.0,1.8097622467662869e-06,259.99999819023776,1334994924,2325,44469434,260,0.3479933600194245,1.15,335.0,339.0,312.0,237.0,252.0,164.0,122.0,868.1406678623929,868.1406660526306
India_20250721_015302,1419,288.0,1.7558249081775247e-06,287.9999982441751,1334994636,2464,44469582,288,0.3426416355011462,1.15,260.0,335.0,339.0,312.0,237.0,252.0,164.0,868.0632082337008,868.063206477876
India_20250721_015302,1420,614.0,1.7034950937258324e-06,613.9999982965049,1334994022,2910,44469747,614,0.355826829324722,1.15,288.0,260.0,335.0,339.0,312.0,237.0,252.0,868.8333249583416,868.8333232548465
India_20250721_015302,1421,594.0,1.6527248934861218e-06,593.9999983472751,1334993428,3377,44469868,594,0.3664002752412864,1.15,614.0,288.0,260.0,335.0,339.0,312.0,237.0,869.503246880913,869.5032452281881
India_20250721_015302,1422,640.0,1.603467825419125e-06,639.9999983965322,1334992788,3853,44470031,640,0.3643458962601926,1.15,594.0,614.0,288.0,260.0,335.0,339.0,312.0,869.5650319321588,869.565030328691
India_20250721_015302,1423,752.0,1.5556787928153297e-06,751.9999984443212,1334992036,4350,44470282,752,0.3668863948846104,1.15,640.0,594.0,614.0,288.0,260.0,335.0,339.0,869.8501908004173,869.8501892447385
India_20250721_015302,1424,656.0,1.5093140430072348e-06,655.9999984906859,1334991380,4773,44470514,656,0.3628303126599896,1.15,752.0,640.0,594.0,614.0,288.0,260.0,335.0,869.815462061367,869.815460552053
India_20250721_015302,1425,628.0,1.4643311273121283e-06,627.9999985356689,1334990752,5089,44470825,628,0.3674852315134898,1.15,656.0,752.0,640.0,594.0,614.0,288.0,260.0,870.1960097885892,870.1960083242581
India_20250721_015302,1426,412.0,1.4206888621687114e-06,411.9999985793111,1334990340,5160,44471163,412,0.3548113980879809,1.15,628.0,656.0,752.0,640.0,594.0,614.0,288.0,869.7609835499478,869.760982129259
India_20250721_015302,1427,529.0,1.3783472914319907e-06,528.9999986216527,1334989811,5354,44471495,529,0.3114933704958576,1.15,412.0,628.0,656.0,752.0,640.0,594.0,614.0,868.1846879260285,868.1846865476812
India_20250721_015302,1428,702.0,1.3372676497919152e-06,701.9999986627323,1334989109,5796,44471749,702,0.289931198257041,1.15,529.0,412.0,628.0,656.0,752.0,640.0,594.0,867.6676509037324,867.6676495664647
India_20250721_015302,1429,797.0,1.2974123272822689e-06,796.9999987025876,1334988312,6301,44472036,797,0.274570740157721,1.15,702.0,529.0,412.0,628.0,656.0,752.0,640.0,867.4336302412974,867.433628943885
India_20250721_015302,1430,743.0,1.2587448348473225e-06,742.9999987412551,1334987569,6427,44472646,743,0.2517539061183994,1.15,797.0,702.0,529.0,412.0,628.0,656.0,752.0,867.1298658048835,867.1298645461386
India_20250721_015302,1431,741.0,1.2212297709347236e-06,740.9999987787702,1334986828,6572,44473239,741,0.241266327311552,1.15,743.0,797.0,702.0,529.0,412.0,628.0,656.0,867.137161242991,867.1371600217612
India_20250721_015302,1432,736.0,1.184832789084035e-06,735.9999988151673,1334986092,6666,44473878,736,0.2354826087158577,1.15,741.0,743.0,797.0,702.0,529.0,412.0,628.0,867.2355185673246,867.2355173824918
India_20250721_015302,1433,573.0,1.1495205664812513e-06,572.9999988504794,1334985519,6488,44474627,573,0.236959334096333,1.15,736.0,741.0,743.0,797.0,702.0,529.0,412.0,867.4262785025319,867.4262773530113
India_20250721_015302,1434,602.0,1.1152607734505013e-06,601.9999988847392,1334984917,6432,44475280,602,0.2340849079273906,1.15,573.0,736.0,741.0,743.0,797.0,702.0,529.0,867.5663216745394,867.5663205592786
India_20250721_015302,1435,760.0,1.0820220438550071e-06,759.9999989179779,1334984157,6568,44475902,760,0.2302580080942692,1.15,602.0,573.0,736.0,741.0,743.0,797.0,702.0,867.7001516835657,867.7001506015436
India_20250721_015302,1436,761.0,1.0497739463801992e-06,760.9999989502261,1334983396,6910,44476309,761,0.2238656843569622,1.15,760.0,602.0,573.0,736.0,741.0,743.0,797.0,867.8128228181426,867.8128217683687
India_20250721_015302,1437,774.0,1.018486956672696e-06,773.999998981513,1334982622,7160,44476831,774,0.2221214196949847,1.15,761.0,760.0,602.0,573.0,736.0,741.0,743.0,867.9707869339686,867.9707859154817
India_20250721_015302,1438,756.0,9.881324303096414e-07,755.9999990118675,1334981866,7212,44477530,756,0.2192542221805888,1.15,774.0,761.0,760.0,602.0,573.0,736.0,741.0,868.1212871821953,868.1212861940628
India_20250721_015302,1439,605.0,9.58682576573652e-07,604.9999990413174,1334981261,7019,44478324,605,0.2109543564759051,1.15,756.0,774.0,761.0,760.0,602.0,573.0,736.0,868.24113714129,868.2411361826074
India_20250721_015302,1440,475.0,9.301104330093635e-07,474.99999906988955,1334980786,6747,44479065,475,0.2055539465226325,1.15,605.0,756.0,774.0,761.0,760.0,602.0,573.0,868.3870687302851,868.3870678001747
India_20250721_015302,1441,605.0,9.023898407382834e-07,604.9999990976102,1334980181,6612,44479801,605,0.2046333805609144,1.15,475.0,605.0,756.0,774.0,761.0,760.0,602.0,868.5555956606518,868.5555947582619
India_20250721_015302,1442,514.0,8.754954205093473e-07,513.9999991245046,1334979667,6389,44480535,514,0.192694959117033,1.15,605.0,475.0,605.0,756.0,774.0,761.0,760.0,868.7125146960495,868.7125138205541
India_20250721_015302,1443,609.0,8.494025494632546e-07,608.9999991505974,1334979058,6434,44481096,609,0.1866272000208125,1.15,514.0,605.0,475.0,605.0,756.0,774.0,761.0,868.890414053417,868.8904132040144
India_20250721_015302,1444,441.0,8.240873385893093e-07,440.99999917591265,1334978617,6275,44481696,441,0.173788614680894,1.15,609.0,514.0,605.0,475.0,605.0,756.0,774.0,869.1111247021996,869.1111238781123
India_20250721_015302,1445,375.0,7.995266108541265e-07,374.9999992004734,1334978242,5893,44482451,375,0.1602541142037635,1.15,441.0,609.0,514.0,605.0,475.0,605.0,756.0,869.3835711873938,869.3835703878673
India_20250721_015302,1446,272.0,7.756978799821817e-07,271.99999922430214,1334977970,5408,44483208,272,0.1491101837607975,1.15,375.0,441.0,609.0,514.0,605.0,475.0,605.0,869.6727137362743,869.6727129605764
India_20250721_015302,1447,189.0,7.525793298687743e-07,188.99999924742067,1334977781,4826,44483976,189,0.1394448362097299,1.15,272.0,375.0,441.0,609.0,514.0,605.0,475.0,869.9718951144841,869.9718943619048
India_20250721_015302,1448,269.0,7.301497946065588e-07,268.9999992698502,1334977512,4340,44484728,269,0.129423746533444,1.15,189.0,272.0,375.0,441.0,609.0,514.0,605.0,870.3033975936058,870.303396863456
India_20250721_015302,1449,305.0,7.083887391073557e-07,304.9999992916113,1334977207,4040,44485330,305,0.1272202004469278,1.15,269.0,189.0,272.0,375.0,441.0,609.0,514.0,870.5035630997412,870.5035623913525
India_20250721_015302,1450,355.0,6.872762403015011e-07,354.9999993127238,1334976852,3921,44485802,355,0.1250202498450187,1.15,305.0,269.0,189.0,272.0,375.0,441.0,609.0,870.7058696898027,870.7058690025265
India_20250721_015302,1451,313.0,6.667929688975228e-07,312.99999933320703,1334976539,3626,44486407,313,0.1283531495866534,1.15,355.0,305.0,269.0,189.0,272.0,375.0,441.0,870.801948109504,870.801947442711
India_20250721_015302,1452,290.0,6.469201716854425e-07,289.99999935307983,1334976249,3398,44486919,290,0.1343242683422488,1.15,313.0,355.0,305.0,269.0,189.0,272.0,375.0,870.8584234131065,870.8584227661863
India_20250721_015302,1453,203.0,6.276396543675027e-07,202.99999937236035,1334976046,2990,44487528,203,0.1383364955273416,1.15,290.0,313.0,355.0,305.0,269.0,189.0,272.0,870.9541738631773,870.9541732355376
India_20250721_015302,1454,236.0,6.089337649005984e-07,235.99999939106624,1334975810,2785,44487966,236,0.1513264763089958,1.15,203.0,290.0,313.0,355.0,305.0,269.0,189.0,870.9385369155933,870.9385363066596
India_20250721_015302,1455,160.0,5.907853773351642e-07,159.9999994092146,1334975650,2571,44488338,160,0.1518318113709859,1.15,236.0,203.0,290.0,313.0,355.0,305.0,269.0,871.0942075378081,871.0942069470227
India_20250721_015302,1456,198.0,5.731778761357189e-07,197.99999942682211,1334975452,2499,44488607,198,0.1538214209941677,1.15,160.0,236.0,203.0,290.0,313.0,355.0,305.0,871.2326018975975,871.2326013244196
India_20250721_015302,1457,187.0,5.560951409687146e-07,186.99999944390487,1334975265,2498,44488794,187,0.1499696838869094,1.15,198.0,160.0,236.0,203.0,290.0,313.0,355.0,871.4372402598519,871.4372397037567
India_20250721_015302,1458,159.0,5.395215319437613e-07,158.99999946047848,1334975106,2390,44489060,159,0.1451922231441514,1.15,187.0,198.0,160.0,236.0,203.0,290.0,313.0,871.6558797117813,871.6558791722597
India_20250721_015302,1459,182.0,5.234418752947151e-07,181.99999947655812,1334974924,2272,44489359,182,0.1440618502961053,1.15,159.0,187.0,198.0,160.0,236.0,203.0,290.0,871.8292028204265,871.8292022969847
India_20250721_015302,1460,112.0,5.078414494875216e-07,111.99999949215855,1334974812,2031,44489712,112,0.1409768565627941,1.15,182.0,159.0,187.0,198.0,160.0,236.0,203.0,872.0286134110787,872.0286129032372
India_20250721_015302,1461,124.0,4.927059717420946e-07,123.99999950729404,1334974688,1845,44490022,124,0.135697160543992,1.15,112.0,182.0,159.0,187.0,198.0,160.0,236.0,872.2632191366722,872.2632186439662
